node_id,community_id
384,513
1084,1024
3702,3456
3007,3201
667,513
1053,1889
1894,896
2493,2304
1325,1410
3517,3456
3877,3456
140,0
204,0
956,1889
291,0
1,0
3809,3776
3973,3584
3706,3584
2334,2560
755,705
1813,1024
2335,2049
2506,2560
1393,1024
450,513
2021,2560
160,0
1596,896
1780,1024
3165,3072
2797,3201
2346,1921
3932,3616
2117,2052
2904,3201
355,513
1500,1472
3449,3456
347,0
548,513
2351,2052
2541,2560
1732,896
3903,3584
2602,2560
2325,2304
1550,896
528,513
2938,3201
1716,896
453,512
2912,2944
1310,1472
1031,1024
2192,1921
2718,3201
1202,0
196,0
2706,2944
1377,1024
3118,3201
1005,1472
3296,3201
2511,2304
1144,1410
1363,1216
1670,1024
3351,3201
3568,3584
2657,1921
2180,2052
266,0
2909,2944
1344,1024
2235,2304
2239,2052
3191,3201
2618,2049
2787,3201
83,0
2974,2944
3270,3201
988,896
3918,3975
735,705
1279,896
1567,1410
3722,3521
2790,3201
1468,1216
1678,1024
836,705
3490,3585
2439,2528
1800,1024
2744,2816
1656,1024
3169,3201
3963,3585
95,0
1641,1024
379,513
2251,2049
436,513
3700,3700
959,1024
2366,2176
259,0
759,705
1906,1472
1977,2176
2070,2049
961,1024
3128,3072
2588,2052
1035,1472
1044,896
1674,1024
2867,2944
734,705
2398,2052
491,513
4,0
2205,2176
2555,2052
2875,3201
417,513
3488,3456
1300,641
1042,1472
3957,3975
2976,3201
359,513
3499,3584
685,579
1947,2304
152,0
3919,3649
3737,3456
1431,1024
1187,1410
3140,3201
3304,2944
406,513
1883,1024
2175,2304
888,804
2819,3201
874,867
3298,3201
483,513
1013,1472
162,0
2017,2048
4016,4016
2591,2560
2724,2947
2200,2560
3164,3072
120,0
2613,2560
3061,3201
2837,2944
3045,2944
2581,2176
2352,2560
3328,3201
2281,1956
1369,1024
2332,2052
601,513
2653,2052
2361,2049
1623,1024
2059,2560
1688,1024
1755,896
1710,1024
1750,1024
3602,3554
3067,3072
1228,1472
123,0
306,0
3323,3201
2080,2049
282,0
1132,1024
360,513
177,0
3202,2944
3653,3923
52,0
3374,3201
2507,2560
1608,1024
2641,2176
2518,2304
1481,1472
2132,2304
720,705
3533,3456
770,705
2824,2721
3569,3584
2917,2944
219,0
2829,2947
362,513
862,3456
305,0
1066,896
2972,3008
1417,896
3655,3776
3541,3874
671,513
1290,1024
3380,3201
1981,2304
966,1024
694,705
280,0
587,513
922,1024
1133,1024
3846,3456
117,0
2297,1921
1795,1024
446,513
245,0
3337,3201
1205,1024
1730,1024
3685,3840
2930,2930
3624,3585
3713,3521
163,0
3930,3456
1117,1024
2321,2048
2151,2052
2497,2049
209,0
3853,3456
3946,3584
1123,1024
2079,2560
1911,1024
348,513
1545,641
3220,2944
2054,2052
3274,3201
1933,2049
2412,2049
3549,3585
635,576
171,0
3137,2944
2005,2560
2030,2560
1268,1472
3435,2944
1418,1472
2527,2560
679,579
1483,1024
1651,1024
1207,1024
543,513
288,0
2629,2052
2452,2176
3810,3584
3416,3201
981,896
2948,2944
299,0
3230,2944
1769,1024
2893,3072
2906,2944
539,513
332,0
1865,1024
3029,2944
2586,2560
1139,1472
1092,1024
1809,1024
3400,2944
2425,2176
2644,2049
3575,3456
3186,2947
2696,2947
1988,2401
3357,3201
3938,3456
1070,1472
1294,641
2194,2052
1265,1024
2053,2052
532,512
3360,3201
2672,3201
118,0
3022,2944
1681,1472
897,1024
858,881
3539,3584
1196,1024
1959,2052
2749,2944
1365,1024
738,705
1216,1216
1930,2049
1622,1024
2818,3201
3090,2944
3228,2944
3148,3201
2561,2560
1919,1921
3378,3201
28,0
1935,1921
1870,641
2809,2944
958,1216
633,579
2312,2052
2245,1956
2113,2049
3105,3200
3196,3201
106,0
3785,3456
3664,3776
2689,2944
3855,3584
3338,3376
3183,2944
2137,2052
3447,3585
435,513
274,0
1293,1024
2710,2944
3511,3584
3345,3201
3796,3456
699,736
2008,2049
3873,3456
3885,3456
1459,896
3013,3201
3132,3201
1288,1024
3579,3975
1642,1024
891,705
2679,2944
3172,3201
3552,3456
1079,1024
2889,3008
3474,3554
3576,3456
1209,1024
1095,641
3921,3521
2300,2560
88,0
805,705
3762,3456
3717,3456
3257,2944
817,705
3466,3554
1576,896
319,0
767,768
3317,2944
1253,1024
3010,2944
2161,2304
3156,2816
3931,3584
3053,3200
1448,896
1473,1472
1802,1216
913,1024
1771,1024
3927,3584
175,0
1818,1024
396,513
497,513
2170,2401
2256,2176
3832,3456
418,513
2295,2052
1141,1472
238,0
3690,3584
3012,3072
18,0
20,0
3719,3584
1495,896
268,0
2548,2049
2907,2944
3481,3649
2149,2052
1899,896
1618,1024
1722,1024
3536,3585
504,513
2918,2816
614,513
1904,1472
3062,2947
2449,2560
1153,1024
471,513
627,576
3799,3616
2606,2560
3438,3456
3996,4000
3283,3008
86,0
60,0
1381,896
3121,3072
1715,896
1462,896
391,513
2447,1921
3675,3975
2538,1921
3752,3554
638,513
2301,1956
2575,2560
349,513
3646,3584
426,513
36,0
1206,1024
2883,3201
3046,3201
2290,2560
358,513
978,1024
45,0
924,1472
2446,2560
3151,3201
2558,2049
4012,4000
3797,3456
2095,2560
3841,3456
1457,1024
1322,896
1616,641
148,0
853,705
2662,3201
940,1472
2890,2944
3244,2947
1781,1472
2509,2304
3758,3584
3346,2947
2058,2560
3955,3584
3906,3584
281,0
3770,3584
128,0
2203,2052
1861,1024
3035,3201
1285,1024
3707,3456
560,513
3415,2947
210,0
1701,1024
2196,2052
2658,1921
1301,1024
1841,896
2453,2176
2860,2947
642,513
1530,1024
1201,1024
3933,3776
3366,2947
3405,3201
2722,3201
1517,1024
2788,2944
2795,3201
960,1024
1663,1024
3184,2944
3887,3456
580,641
3162,2947
3994,4000
778,705
3223,2947
1426,896
1786,896
3371,2947
2242,2176
3209,3201
3871,3874
373,513
369,419
2073,2560
2436,2052
1840,1472
3837,3975
3255,2816
3547,3456
3325,3008
2304,2304
2051,2049
2062,2304
3404,3201
3753,3521
2785,3201
17,0
3577,3456
2331,2560
3651,3456
3015,3201
3788,3456
2616,2052
2234,2560
2362,2176
2863,3201
512,513
2632,2049
1889,1889
77,0
775,705
3683,3456
3063,3072
366,513
1971,2560
3693,3456
2036,2176
1058,1024
1908,1024
2163,2052
3171,3201
3385,3201
1654,0
1475,896
3636,3521
434,513
3472,3840
2250,2052
3092,2944
2540,2049
1062,1472
2874,2944
96,0
698,705
2857,2944
3556,3456
1823,1024
1801,641
1551,1024
3807,3456
1316,896
2804,3201
1873,896
2756,2944
1006,1024
1579,1410
263,0
2845,3201
1477,1024
885,867
3348,2944
1563,1024
3347,3201
2370,2560
3886,3456
3527,3456
1025,641
3593,3584
2879,3008
2798,2944
72,0
2836,3072
3505,3521
1671,641
2009,1921
2856,3201
3730,3456
3891,3456
3665,3489
652,513
2088,2560
2748,3201
1709,1472
76,0
1192,896
847,705
2420,2052
902,896
3695,3649
3411,3201
1918,2560
1693,0
507,513
2271,2560
181,0
571,513
124,0
984,896
1340,1024
3243,2944
2286,2049
3413,2944
1420,1024
1585,1024
3821,3584
8,0
3249,3201
3585,3585
3888,3456
372,513
3964,3776
3340,3201
2197,2049
3824,3456
600,576
2774,2817
2374,2560
937,1472
1178,1024
2582,2052
2780,3201
2633,1921
1171,1024
910,912
2441,2049
798,705
3185,3201
279,0
2835,2944
2760,3072
2654,2560
1007,896
3011,3201
773,705
1266,1441
1727,1472
3057,3072
3021,3201
1766,641
726,705
3104,2944
2490,2401
1298,896
1258,1472
3975,3975
2257,2560
1346,1024
3226,2944
1874,1024
613,513
608,513
606,641
1184,1024
3553,3521
943,1472
678,579
2859,3201
2429,2560
190,0
763,705
3458,3584
2128,2052
872,867
1396,896
3775,3456
378,513
1233,896
2551,2560
1653,1024
26,0
3648,3584
2637,2176
3629,3521
1534,1024
1023,1024
757,768
1856,1024
2001,1921
1737,1024
3099,3072
1089,1472
2146,2049
3386,3201
3563,3456
3639,3649
2757,2944
294,0
188,0
3087,3201
2640,1921
2296,2176
3312,3201
3557,3456
634,513
911,1024
3261,3201
2479,2304
2727,3201
273,0
3327,3201
3187,2816
3972,3554
2478,2560
2241,2052
3645,3584
921,1024
1342,962
1183,1472
1948,2052
232,0
1378,1216
3329,3201
899,1024
3852,3456
1267,1024
1387,0
3881,3584
1811,1024
2380,2049
895,881
2505,2176
3694,3456
1832,1024
258,0
2311,2560
1367,1024
2179,2560
2966,2944
361,513
3956,3554
1303,896
484,513
550,513
3194,3201
1392,896
881,881
3460,3554
609,579
762,705
3181,2930
3798,3456
1166,896
130,0
641,641
860,2944
1547,1024
1434,1024
1685,1024
1625,641
1591,896
4022,4000
1415,1472
1449,1024
990,3072
1358,641
2145,2176
3625,3456
3509,3584
1535,1024
2144,2052
2316,2049
38,0
2877,2944
1644,1024
2714,2944
2430,2560
3262,3201
2209,2176
1812,896
2531,2052
2751,3201
1045,1043
2908,2944
1274,1410
2989,3201
681,576
1822,1441
3277,3201
1639,1024
2274,2304
1695,641
3122,3200
1860,1024
2981,2944
1875,896
3657,3874
3907,3521
3698,3840
2895,3201
1980,1921
1224,0
3523,3649
898,896
1969,2052
296,0
1773,641
1026,1024
229,0
953,1024
783,705
3442,3521
3297,3201
3899,3975
2500,2560
1507,1472
2870,2947
2651,2176
2496,2052
2580,2049
2611,2560
2407,2560
655,579
1629,1216
3924,3584
997,1024
2085,2176
248,0
852,768
2408,2560
3163,2944
1064,962
3958,3584
178,0
1397,641
167,0
1504,1472
3965,3975
3241,2947
1944,2176
3765,3456
3756,3456
3127,2817
756,705
3928,3456
1508,896
3038,3201
1090,1472
1051,1472
1844,641
2106,2048
2702,3201
2925,2944
1122,641
1411,1024
2309,2560
1539,1024
1692,641
2939,3201
3544,3456
227,0
1351,1024
3276,3201
2336,2052
2754,2944
244,0
669,513
1960,2049
684,579
2423,2560
2684,3201
101,0
2826,3072
3637,3456
1388,1024
3833,3584
134,0
970,1410
3427,3376
2097,1921
3688,3456
383,513
3944,3456
2489,2560
3567,3874
459,419
1327,1024
3377,3201
202,0
278,0
495,513
1627,0
341,0
1543,641
1188,1472
2590,2560
1323,1024
718,705
3292,3201
41,0
409,513
980,1024
2056,2560
1094,962
2687,3201
2014,1921
2680,2944
1974,2176
2284,1921
3044,2944
1395,1024
213,0
2521,2560
2201,2560
2050,1921
3430,2944
3526,3521
877,867
1140,1024
3647,3616
3182,3201
1118,1216
2365,1921
3656,3456
1333,1216
1975,2049
1684,3201
1134,1472
328,0
1360,1410
3344,3201
1263,896
3232,2944
800,705
2204,2048
2212,2560
1223,641
407,513
927,1024
1751,896
802,768
2237,2560
4013,4000
3426,2944
765,705
50,0
2522,2304
1082,896
2619,2560
3361,2688
133,0
2954,3072
3768,3584
951,1024
3909,3584
596,896
2635,2052
3626,3456
1648,1216
1655,896
1783,896
422,513
3432,3072
2190,2560
3995,4000
3166,2944
374,513
1194,0
3265,3201
2253,2560
3677,3456
3419,3201
3233,2947
1302,1024
2530,2052
1805,1024
2465,2052
2289,2052
3107,3201
2118,2560
4019,4000
2681,2944
3951,3584
1761,1024
2191,2052
2458,2304
2134,2052
3751,3923
451,513
454,564
3455,3521
2002,2304
2354,2560
3589,3456
3621,3456
752,705
2573,2560
3875,3456
2422,2049
464,513
1925,2560
14,0
1721,1024
1338,1472
1494,1410
3229,2944
2405,2049
2869,3201
2078,2560
195,0
215,0
226,0
318,0
1128,1024
2892,2947
228,0
2949,3072
3518,3456
1282,896
2010,2052
3423,3008
967,1024
1304,1472
3240,3201
3306,3201
992,1216
3303,2944
3998,4000
403,513
1973,1921
815,705
799,705
637,641
758,705
2838,0
3282,2944
2108,2560
1029,1024
1386,1024
599,576
2605,2052
2116,1921
3831,3456
2963,2944
2159,1921
3896,3584
1731,1696
784,705
1689,1024
2330,2052
2487,1956
3747,3776
1961,1956
1942,2560
1714,1024
918,1024
4036,4000
1125,1024
1970,2304
387,513
292,0
1049,1024
1592,896
1383,1024
1399,1024
1262,1024
754,705
3123,2944
2164,2560
1597,1024
127,0
1945,2052
2634,2049
252,0
827,705
2604,2560
1020,896
251,0
1509,1024
9,0
3251,2930
2822,2688
3294,2944
651,513
2011,1921
1359,1024
3031,2944
1229,896
3679,3585
3834,3584
470,513
3740,3521
3484,3456
1854,1024
3284,2944
1843,1024
2101,2304
3845,3456
2649,2052
1699,1472
3434,3201
1142,641
1437,1024
804,804
869,705
3049,3201
3761,3554
2768,3201
4028,4000
2746,2944
3999,4000
1774,1024
3641,3776
2147,2560
3616,3616
2141,2176
174,0
1424,1216
2459,1921
499,513
3986,4000
3491,3456
1100,896
3364,2944
3863,3585
3966,3456
1518,1024
2844,3201
2306,2560
3017,3201
2378,1921
672,579
682,579
1826,1024
1682,896
683,513
2956,2944
2694,2944
2544,2052
2980,3201
1602,641
2364,1921
2091,2049
3749,3923
2071,2052
3534,3584
400,513
1149,1024
1065,1024
764,705
334,0
2020,2560
1200,1024
1470,1024
2770,3201
3794,3584
1605,1024
890,705
2067,2560
3211,3201
1538,1024
1245,896
1762,896
1235,896
33,0
23,0
1221,896
3131,2930
1659,1024
1979,2560
1624,1472
3515,3584
2992,3201
3,0
662,576
2210,2560
1498,1024
3266,3266
3189,3201
271,0
1743,641
312,0
1888,1024
2019,2560
2107,2049
936,641
2564,2560
1982,2304
557,513
158,0
750,705
2012,1921
2291,2176
2959,3008
121,0
1167,1472
1177,1889
1967,2560
3754,3584
1884,896
64,0
3388,2944
973,1024
3365,3201
3867,3521
3217,3201
2393,2560
285,0
843,705
1735,1024
2988,2944
1728,896
1185,1024
569,513
629,641
508,513
640,576
2136,2560
2236,2049
1435,1024
3492,3456
2467,2560
714,768
1463,1024
1516,1024
3254,3201
663,579
2026,2052
3595,3874
3222,3072
2324,2560
1257,896
2127,2052
3617,3584
116,0
1151,1024
27,0
2435,1921
1366,1472
2855,3201
3080,2944
3033,2944
4023,4000
1914,1921
1620,1024
3686,3456
257,0
1777,513
3375,2688
1047,1024
2168,2048
1581,1024
751,705
1248,1472
534,513
1938,2560
4010,4000
1503,896
71,0
2914,3201
2356,2560
1127,1472
3468,3584
311,0
933,896
1740,641
1706,896
729,804
3314,3008
1923,2176
3498,3521
3174,2944
1318,641
1793,1024
2160,2049
3354,3200
2434,2304
3662,3585
3726,3554
2310,2304
1027,0
3311,3008
3842,3456
2000,1921
3766,3776
3205,3201
2943,2944
1307,1410
59,0
2299,2560
3530,3504
411,513
3129,2944
1315,896
1408,641
1600,1024
1611,896
1541,1472
31,0
841,705
2156,2049
1934,2049
2100,2049
630,579
3619,3456
661,576
556,513
1937,2049
476,564
647,576
29,0
2375,2113
2759,2944
894,881
161,0
1817,1024
2523,2049
1879,1024
1101,1024
963,1216
322,0
313,0
2499,2560
3078,2944
3687,3456
1078,1024
2473,2052
2169,2052
760,705
1129,896
519,513
2182,2176
337,0
1484,1024
1529,1472
3309,3008
2585,1921
3663,3521
3221,3072
2546,2560
2474,2049
371,513
3803,3584
3609,3456
1269,1024
2936,3201
2773,2944
1578,896
2667,3201
3786,3584
2516,2052
1814,1024
3897,3456
575,579
3943,3456
1776,912
1057,1889
2532,2560
1767,641
3094,3201
2630,2560
3618,3456
2484,2560
1662,1024
2445,2052
1074,1024
1371,1216
80,0
2526,2560
1048,1024
65,0
865,3456
35,0
352,513
1056,1024
2614,2049
1349,641
270,0
1936,2049
998,1024
1341,1024
2962,2947
90,0
2171,1921
3584,3584
3950,3456
1197,1043
339,0
3407,2944
1114,641
1705,1410
3622,3584
2358,2049
253,0
1173,1024
1542,1024
1897,641
2813,3201
424,419
1497,1024
1747,1216
2477,2560
200,0
1440,1024
2984,3201
2663,2944
3198,3201
142,0
3745,3536
2947,2947
1577,2052
3224,3201
3800,3456
1640,1472
3152,3201
1990,2049
250,0
1456,1024
1019,896
1617,1024
2728,2947
2942,3201
2379,2304
1892,1216
1240,0
780,705
1819,1024
3813,3700
308,0
87,0
287,0
3115,3201
2243,2304
455,513
1215,896
1138,1889
2139,2560
3840,3521
3883,3649
2172,2560
3200,3200
691,736
2779,2947
2153,2052
3335,3201
607,513
2105,2049
2046,2560
1038,1024
2765,3201
2406,2176
748,705
901,1216
1764,896
746,736
2042,2052
2553,2560
938,1216
1331,1024
2970,3201
2007,2052
1256,1024
2277,2049
3632,3456
3862,3521
1384,1024
61,0
747,705
3947,3584
1236,1472
97,0
2024,1921
2990,3201
3689,3456
48,0
2996,3201
3627,3456
803,705
2903,2688
3003,0
3483,3584
3188,3201
448,513
3028,3072
392,513
3954,3456
2771,3072
3948,3456
3671,3584
979,1889
478,513
776,867
3691,3456
932,1024
386,513
1921,1921
2313,2049
1260,1472
2596,2560
180,0
1868,1024
1734,1024
1645,641
2389,2052
996,1024
1355,1472
3433,2944
1976,1921
24,0
3465,3975
3389,3072
303,0
146,0
1329,1024
1073,1410
2510,2052
201,0
703,705
934,1024
2715,3201
3023,2944
2848,3201
3532,3584
1570,1024
3409,3201
2231,2049
576,576
1162,1696
3382,3008
3935,3456
810,705
712,736
3822,3584
2371,2049
2931,2944
3480,3456
1601,1216
2471,2052
3052,2944
3718,3584
781,705
1882,641
2778,3201
3502,3700
719,705
2973,3201
2254,2052
2659,1921
22,0
3258,3201
3420,2947
255,0
2853,3201
3839,3456
1261,896
1838,1024
3208,3201
3812,3585
515,513
2882,3201
731,705
3358,3201
1910,962
2337,1921
2617,2304
136,2052
590,579
3111,3201
2061,1921
2685,3201
2372,2052
2392,2560
1241,896
81,0
962,641
2805,3072
1010,1472
2597,2052
3771,3585
427,513
884,705
1402,1024
246,0
2911,2944
1615,1410
1059,1024
1829,962
3741,3456
3289,3201
3990,4016
1195,1024
3866,3584
1198,1024
2421,2048
1901,641
78,0
144,0
736,736
1317,1024
494,513
2708,3201
2403,2049
3056,2944
187,0
1433,1410
1903,896
3953,3456
3150,3201
3780,3456
1264,1472
1758,1024
2155,2304
774,705
2940,2944
73,0
3610,3456
665,576
2492,2560
1428,1472
3744,3456
1374,641
164,0
237,0
438,513
794,705
1368,1043
143,0
595,576
579,579
1574,641
2686,3201
2563,2560
389,1472
2735,3201
3603,3456
1210,641
2991,3201
3574,3456
2953,2944
2782,2944
3604,3456
1146,1024
474,513
2545,2560
650,576
437,512
2753,3201
2905,2944
2173,2049
2636,1921
1896,1889
2565,2048
1700,1024
3587,3776
3777,3584
89,0
402,513
2729,2944
241,0
597,579
1704,896
3101,3201
481,513
1951,1921
2491,2052
4030,4000
3268,2944
1174,1410
3514,3456
277,0
1447,1024
737,705
333,0
1775,1024
2098,2560
1806,1410
3114,2944
845,705
1931,1921
2755,2944
2221,2304
916,1024
3246,2947
2738,2944
561,513
3212,3201
2950,3201
3157,3201
1864,1024
284,0
1956,1956
2093,2560
1559,1024
1707,1024
674,513
914,641
2999,3072
3828,3456
2122,2560
516,419
830,705
3399,2944
2723,3201
2275,2560
867,867
2725,2688
3652,3489
3368,3072
3175,3201
16,0
2562,2049
2935,3072
2176,2304
2741,2944
3219,3201
1111,1043
1939,2304
3759,3975
1343,1472
385,513
1913,2052
2345,2304
3363,2944
2645,1921
3403,3201
2884,2944
500,513
1493,1216
10,0
3578,3456
2404,2560
1385,1472
301,0
2099,2049
1657,912
2900,2947
2566,2176
3252,3201
260,0
995,1024
1115,896
3601,3584
490,513
844,705
2278,2560
3769,3521
314,0
3065,2944
900,1410
3815,3521
2357,2049
3402,2816
2273,2052
749,705
1560,1024
2692,2947
3784,3584
340,0
2828,3201
2076,2401
2258,2560
1421,1410
1546,1889
582,576
3874,3874
1211,1024
904,0
3781,3584
170,0
2466,2401
1741,1024
3528,3456
732,768
2013,1921
1742,896
37,0
2934,2947
185,0
624,513
3216,3200
3271,3200
1446,641
2450,2049
203,0
2468,2560
2921,3201
644,579
2823,3201
112,0
2063,2560
3988,4000
1612,1024
2419,2304
1514,641
184,0
1412,1472
1476,1024
632,576
3723,3504
1839,1024
2969,2944
974,1472
544,513
3565,3456
2084,2560
1962,2560
3711,3584
3729,3456
113,0
126,0
2238,2049
1779,1024
2572,2052
1442,1024
832,705
3905,3585
4004,4000
2225,1921
1594,1024
2470,2560
198,564
2656,2049
168,0
1520,1024
2730,3201
1950,1921
1519,1024
1954,2052
3915,3554
3450,3456
3247,3201
222,0
551,419
191,0
793,705
3144,3201
2965,3201
57,0
336,0
3510,3554
214,0
2638,2560
3424,3072
1295,1472
3550,3456
2469,2560
3782,3584
3313,3201
1193,0
942,896
2341,2049
2625,2560
4032,4000
2799,3200
1372,962
115,0
3987,4000
2834,3008
1698,1410
1599,1696
1746,1024
1572,1024
717,705
2592,2052
1161,1024
1634,1472
1941,2560
3026,2944
3489,3489
1646,1024
1522,1024
1986,2560
3814,3585
823,705
2864,2944
1244,1472
2849,3201
889,804
2125,2052
317,0
813,705
3384,2944
2944,2944
221,0
2535,1956
1401,1024
1820,896
917,896
1621,1024
2355,2052
1067,896
593,513
412,513
2075,2304
3959,3456
2077,2560
3075,3201
3806,3585
2157,1921
105,0
1451,896
157,0
104,0
458,513
3607,3776
625,579
3446,3585
1403,1889
3684,3456
2589,2052
1083,1024
868,3456
1902,1024
3059,2944
1963,2560
1034,1024
1568,1216
2624,2560
1895,1216
2816,2816
668,513
1376,1024
568,513
4003,4000
1667,1472
837,705
1589,1024
395,513
2431,2528
3110,3201
3307,3201
1675,1024
617,579
2208,2052
1213,1472
3850,3521
2104,2560
594,513
442,513
3074,2817
3117,2944
1313,641
1309,896
3522,3456
789,768
3545,3456
570,513
2400,2052
3485,3456
1878,641
1719,1410
2072,2304
323,0
1694,641
3920,3776
792,705
2432,2304
1647,896
3660,3456
1633,1472
416,513
205,0
1275,1472
1160,1024
2758,2816
3508,3840
1929,2560
2216,2560
1391,1024
564,564
1001,641
2821,2944
47,0
724,705
989,896
276,0
2048,2176
1536,1472
3634,3554
207,0
3941,3456
1460,1024
521,513
991,1024
3564,3584
604,513
1964,2176
377,513
3676,3489
3682,3585
2967,2944
2353,2560
155,0
3525,3456
1410,1410
3456,3456
1687,1410
3272,3201
3066,3072
3155,3072
4038,4000
3197,3201
1040,1024
466,513
912,912
2958,3201
3339,2944
931,962
1466,1024
3436,2944
492,513
1148,896
1419,1024
3949,3585
2594,2304
1168,1472
1830,896
3650,3456
1717,1024
801,705
3336,1684
460,513
3139,2944
131,0
2664,2944
1390,1024
1630,1472
293,0
93,0
3789,3923
2092,2560
3611,3456
1182,1024
1632,1024
558,513
1150,1024
1808,912
3032,2816
3487,3504
944,1472
1046,0
1280,1024
2052,2052
1816,1024
1158,896
3922,3456
3161,3072
2387,2560
338,0
3858,3456
1176,896
1075,1024
1297,0
1098,1410
2721,2721
79,0
3513,3616
603,579
344,0
1749,1472
834,705
1320,641
3835,3521
741,705
541,513
4008,4000
664,579
2174,2052
2615,2560
3500,3776
1017,1024
3109,3201
2360,2049
2040,2560
3974,3456
2762,3201
968,1024
423,513
3146,3201
1940,2052
3848,3616
326,0
1556,1024
2246,2304
1289,1024
831,705
1225,1472
2135,2052
2034,2048
208,0
2133,2052
1186,1216
4037,4000
3901,3776
2198,2304
987,896
3457,3456
2293,2052
3910,3975
3520,3456
7,0
3000,2944
2187,2052
675,576
1319,1216
1405,1024
1076,1024
536,513
695,705
3880,3456
3696,3776
2961,2944
2648,1921
2578,2560
150,0
3462,3456
1407,1024
3180,2930
1373,896
2683,2944
3018,2947
3980,4000
2415,2304
2669,2944
1155,641
1565,641
368,513
2279,2052
796,768
2886,3072
3293,2944
791,768
3497,3456
236,0
316,0
1555,1410
2247,2304
612,579
3703,3456
269,0
2368,2304
1850,896
1218,1889
1356,962
994,896
1157,1024
166,0
1175,1024
1922,2049
3902,3456
393,564
3620,3584
1014,896
2068,2052
2004,1921
1109,1472
1690,1024
2178,2048
1243,1024
304,0
496,513
498,513
935,1472
2206,2560
2515,2401
3548,3456
3870,3584
197,0
1792,1024
2985,2944
1532,1024
2928,2944
298,0
156,0
4025,4016
702,768
3912,3874
1413,896
1987,2052
727,705
1136,1410
3590,3521
1488,1024
3678,3584
3997,4000
3658,3456
2514,2176
173,0
821,705
1181,1024
432,513
3051,3201
3398,3266
3971,3456
2891,2944
1135,1024
1726,3072
159,0
4020,4000
3133,2947
2367,2304
1898,1024
857,3456
2451,2304
2528,2528
2426,2401
1126,1024
2571,2052
3470,3521
1050,1441
3529,3584
2513,2401
3519,3975
2023,2049
1004,1024
3783,3776
3554,3554
3811,3585
2868,3201
1992,2401
2646,2560
2661,3201
42,0
2103,2560
1799,1024
559,513
2752,3072
3073,2944
3236,2816
2801,2816
3856,3456
488,513
3083,3072
2288,2560
3879,3456
573,579
487,513
4005,4000
517,513
129,0
1271,1024
3524,3584
692,705
2322,2049
930,641
744,705
3207,2947
906,1024
1496,1472
3914,3456
2739,2947
952,1024
3983,4000
3790,3456
399,564
2121,2560
2183,2052
1603,1024
1858,1024
1231,896
2750,2944
2220,2560
2671,2721
3086,2947
977,1472
100,0
482,513
217,0
139,0
2550,2560
3095,2944
1222,1024
300,0
533,513
1003,1024
3330,3201
3496,3456
2697,2947
850,705
3644,3840
812,705
3743,3874
846,705
1759,1472
165,0
2338,2052
658,576
2717,2944
3793,3584
3823,3584
3168,2947
3692,3456
1842,1024
2688,2688
3412,2947
3370,2947
3857,3874
2123,2560
3542,3456
3976,3584
3116,3201
3493,3584
1227,896
1573,896
354,513
1011,1472
3039,3201
2926,3376
1400,641
1163,1024
2508,2052
2111,2052
2802,3201
2820,2947
975,896
1232,1216
3742,3456
2666,2944
3445,3874
3882,3584
3535,3584
441,564
401,513
2043,2560
1252,1043
3321,3201
182,0
3904,3456
1443,962
2326,2560
3571,3975
1660,641
2701,3201
2923,3201
1691,896
2673,2944
1024,1024
1326,1024
1791,1024
2885,0
2481,1956
2539,2560
1511,1410
2185,2304
1569,1472
2438,2304
1370,1024
461,513
44,0
2537,2304
618,579
3264,2816
879,881
3394,2944
670,576
151,0
876,804
1821,1024
622,579
2112,2560
2055,2560
1375,1024
639,579
3408,2816
2047,2052
1112,1024
743,736
2386,2560
1785,1472
552,513
2800,2944
3712,3456
969,896
1389,1024
1788,1043
1915,2049
3760,3456
199,0
3040,2944
145,0
1794,896
1214,1024
583,576
3050,3201
1549,641
1580,1024
2343,2052
709,705
3248,3072
3218,3200
25,0
2789,2944
370,513
2524,2560
2142,2560
3847,3456
3804,3456
62,0
833,736
2839,2944
444,513
6,0
1718,2052
620,579
3068,2947
993,1024
1643,1024
3818,3584
3077,2947
1450,1024
431,513
3414,2944
1713,1472
1778,641
2167,1956
1487,641
1234,962
398,513
475,513
3631,3584
1054,1024
1259,1472
3072,3201
2533,2052
2259,2052
3250,2944
262,0
549,513
939,962
3573,3456
445,513
1890,0
2060,2560
242,0
2032,2052
2244,2560
1953,2560
2898,3072
3440,3456
1952,2304
2417,2052
2114,2049
2475,2052
3444,3456
2557,2176
2482,2560
2120,2049
486,419
1815,1472
753,705
2207,2401
2329,2560
2674,3201
1521,1024
3982,4000
700,705
2971,1024
1803,1410
2941,2688
3779,3456
1191,1024
2154,2560
1230,1024
493,513
1637,1024
1753,1024
1827,1024
3531,3585
1147,1024
2199,2052
893,864
2901,3201
1080,641
2498,2052
3315,2944
1330,1024
1350,896
2806,2944
986,1472
3362,2944
1527,1024
4006,4000
2396,2304
1880,1216
3215,3201
1501,1024
2027,1921
1957,1921
1871,896
2691,2691
659,576
12,0
861,804
1876,1472
447,513
2486,2401
1658,1024
3319,3201
1752,1024
2427,2560
452,513
1989,2560
3353,3201
3746,3456
1246,1472
3893,3584
3130,2944
367,513
331,0
2202,1921
2814,0
1480,1024
420,513
2272,2176
1575,896
283,0
429,513
2119,2049
3985,4000
2584,2560
2138,2052
2035,2049
1583,896
808,705
3884,3456
1467,1024
1754,1024
3024,3201
3725,3874
3302,3201
1199,1024
842,705
2195,2560
3324,2944
2188,2560
851,705
350,513
40,0
1425,641
2693,2688
3659,3456
1782,1024
2298,2176
2704,0
1848,896
3981,4000
787,705
1862,896
547,513
1068,1024
701,705
363,513
636,579
3708,3975
645,513
1486,0
3970,3456
4033,4000
3259,3201
4031,4000
3350,3201
419,513
2424,2049
345,0
3341,3201
711,705
2143,2052
98,0
2280,2304
1219,1024
814,705
92,0
3008,3008
1833,1024
1406,896
3808,3456
771,768
2410,2560
1324,896
1120,896
3705,3521
1997,2560
849,705
854,705
3043,3201
1852,1024
3606,3536
84,0
122,0
1055,1441
3058,3201
3145,3201
1984,2560
1966,2560
2781,3201
3422,3201
2627,1921
3555,3584
2767,3008
1834,1024
430,513
351,564
589,579
1353,896
3429,2816
2130,2049
1928,1921
1030,1043
469,513
2827,2944
1796,1024
3911,3700
2462,2560
3543,3456
3214,3201
948,641
2025,1921
2763,2944
2394,2304
2444,2401
2294,2304
3666,3521
2622,2401
1037,1472
820,705
3441,3585
786,705
1124,1024
3318,3008
3889,3456
3190,3072
2968,3072
907,1024
3767,3584
193,0
1772,1024
3923,3923
2224,2052
2733,3201
513,513
1994,2052
892,705
707,736
1996,2048
1379,896
3940,3456
2871,3201
2433,2560
3305,3201
3019,2947
2881,3201
3476,3975
449,513
2411,2049
3322,1684
3263,3201
2109,2560
3900,3584
2703,3008
3991,4000
2383,2560
1920,2052
2276,2560
2041,2048
1203,1410
3504,3456
1032,896
2480,2176
643,576
2150,2560
1452,1216
1729,896
2731,2944
53,0
3890,3584
616,579
3501,3456
3356,2947
3521,3521
1789,1024
1686,1472
3401,3376
3819,3874
69,0
1081,896
1306,1472
2265,2176
91,0
176,0
2628,2049
3898,3649
119,0
2707,3201
3463,3584
511,513
3989,4000
1362,1472
2320,2401
1867,1024
477,513
3778,3521
2840,3201
1972,1921
3310,3072
1121,1472
883,705
3108,2944
376,513
925,1024
653,579
928,1410
1291,1024
2057,2052
3173,3201
2350,2560
2777,2944
70,0
2609,2052
364,564
523,513
2166,2049
3079,3201
999,1024
3674,3456
1607,0
2519,2304
1998,1921
562,513
3892,3874
2228,2049
839,768
3406,3201
3599,3521
1063,1024
1091,1024
2318,2176
240,0
3801,3456
1619,1024
3925,3504
3482,3840
1286,896
1863,1024
2945,2944
295,0
2314,2049
1877,1024
335,0
3934,3456
3135,2944
2115,2560
826,705
234,0
2181,2049
3178,3201
2340,2560
1736,1024
3984,4000
3275,3201
4029,4000
297,0
723,705
3859,3456
2896,2944
529,513
3562,3649
1666,3072
1239,1024
235,0
518,419
909,1043
1471,1024
2303,2560
828,705
3479,3649
1552,1024
247,0
2979,3072
964,1472
3673,3456
3206,3201
3082,3201
1441,1441
2454,2560
2442,2560
1702,1024
2842,2944
3359,2947
3967,3776
1669,1024
1061,1410
3680,3584
2066,2176
2377,2304
3715,3521
3291,3201
697,705
945,896
1926,2304
3142,2944
2131,2560
3727,3536
3234,2944
2385,2052
1893,896
2158,2049
3854,3456
886,804
2793,3201
3872,3456
1614,1024
3597,3521
1422,641
3642,3456
565,513
1744,641
2037,2560
3149,2944
3037,2691
3369,2816
2846,3201
2083,2560
3269,2944
3945,3584
2534,2049
388,513
254,0
2593,2560
137,0
2894,3201
3260,3201
1784,1216
3820,3456
1676,1410
822,768
231,0
2388,2049
3119,2944
3439,3616
3551,3504
2269,2560
1912,2560
2825,3201
1156,1024
149,0
3125,2944
1332,641
3473,3874
2536,2560
1087,1024
2932,3201
1679,641
1760,0
2559,2560
3735,3521
3697,3456
2698,2944
109,0
2342,2049
1276,1024
3076,3201
3732,3456
3425,3376
3006,2944
15,0
3334,2947
704,705
2391,2560
2255,2401
903,1216
1983,2560
3081,3201
394,513
1489,896
3392,2944
2140,2560
882,804
206,0
3478,3776
2830,2947
2460,2560
223,0
3471,3456
806,768
1072,1472
3300,2944
3802,3521
2347,2560
1649,896
153,0
1208,0
807,705
2328,2304
3917,3874
289,0
2102,2052
3908,3456
2920,2944
838,705
510,513
3936,3521
272,0
1584,1024
2927,2944
1787,1216
3961,3504
3093,3201
3239,3201
1299,1472
2270,2176
3342,3201
2919,2944
2065,2052
976,641
816,736
2977,2944
4027,4000
3507,3584
2861,3200
3739,3874
2887,2944
2359,2560
971,896
261,0
666,579
1458,1024
1485,1024
2455,2049
1491,1024
584,579
2344,2304
1965,2049
2018,1921
1604,1024
1613,1024
2283,2052
3176,2947
3372,2930
1380,1024
3829,3584
3668,3554
1251,1410
2560,2560
425,513
3667,3456
1991,1921
3773,3521
706,705
1039,1024
2525,2176
1924,2401
230,0
1571,1024
325,0
2520,2560
2743,2944
2650,2401
648,513
1021,896
1455,896
1334,1024
2922,3072
3397,3201
179,0
610,513
2483,2560
3681,3456
983,1024
154,0
949,1472
1586,0
1955,2052
3459,3584
1917,2560
3235,3201
2233,2560
1041,1472
1108,896
2764,2688
3962,3456
1703,1472
1180,1024
3608,3521
1423,896
1887,896
687,705
1610,1024
2726,2944
485,513
2620,1921
1292,896
2831,3201
2933,3072
1105,0
1212,962
233,0
1249,1472
1985,2560
2064,2560
537,513
3238,2944
2230,2304
3355,3201
3333,2944
3787,3923
1544,1441
3605,3456
1110,1024
147,0
1831,962
315,0
4018,4000
3764,3584
772,705
586,513
1724,1024
428,513
1907,896
1900,1024
1328,1410
1445,1410
4014,4000
11,0
1336,1024
1661,896
302,0
3791,3776
1430,1024
443,513
1414,896
2850,2944
3383,3072
1416,1024
3002,3201
94,0
1255,1024
192,0
2305,2052
2716,3201
3192,3201
21,0
321,0
577,576
715,705
3566,3504
3661,3456
3710,3521
2323,2560
3467,3456
2397,2049
2608,2304
1404,896
2081,2052
646,513
3869,3584
489,513
696,705
3391,3201
2517,2176
3670,3456
1308,1472
2712,3201
1165,1024
58,0
1677,641
2747,3201
1851,1024
855,705
929,1024
2929,2944
878,804
3332,3201
4007,4016
1104,896
1099,896
2732,2930
848,705
3195,2944
2709,3201
2110,2304
1505,1024
2987,2944
1635,896
2587,2049
3537,3456
375,513
1190,896
3495,3456
1296,1472
835,705
30,0
3177,2947
275,0
2897,2944
3158,2944
2263,2528
919,896
1825,1410
2464,2560
2413,2052
3253,3201
688,705
2865,2816
3418,3201
3623,3584
2600,2560
3461,3456
506,513
2964,3201
467,513
592,579
3805,3456
2910,2944
397,513
3709,3456
2626,1921
2924,2944
1932,2052
1107,1024
1949,2049
631,579
3969,3584
3451,3456
863,804
740,705
2808,2944
3516,3649
3600,3584
1398,1024
501,564
3071,2944
1968,1921
2792,2691
1172,1024
2494,1921
1531,1472
3825,3584
2193,2049
34,513
267,0
2488,2049
327,0
3379,2947
3201,3201
3452,3456
3060,3201
1540,1024
1566,962
2248,2049
1680,896
1337,1024
2529,2052
1454,896
415,513
2668,3201
74,0
1226,1472
1673,641
3792,3584
3417,2944
1891,1024
1849,1024
103,0
588,579
2074,2560
1106,1472
224,0
2678,3072
905,641
2069,2560
1916,2304
46,0
343,0
2946,2944
2700,3201
2713,3201
3546,3585
572,513
2495,2560
1548,1216
3064,2944
1853,641
1472,1472
3280,3201
2213,2560
3025,2944
1102,896
3096,2944
3285,2947
3287,3201
114,0
1502,896
1537,1024
2186,2176
1287,1024
3030,2944
1321,1024
1347,896
2975,2944
456,513
2031,2176
1086,1024
1697,1024
686,705
923,1024
2461,2052
1492,1472
3199,3201
51,0
3020,3072
2262,2560
2363,2560
2463,2052
567,513
421,513
290,0
1733,1216
1009,896
689,768
1354,1472
3716,3616
2876,3201
818,768
1077,1024
555,513
2720,3201
3724,3584
2409,2560
2737,3201
2612,2176
965,1472
1708,1410
829,705
3281,3201
1170,896
0,0
3373,3201
2880,2944
3755,3456
102,0
3993,4000
3733,3456
249,0
542,513
1561,1024
1720,896
733,705
2579,2560
656,513
3614,3584
39,0
1002,0
574,579
3331,3201
769,705
2327,2304
2348,2560
3014,2944
2033,2560
1905,1441
66,0
1804,1024
138,0
3113,3201
3942,3456
480,513
530,513
3124,3201
1528,1024
3860,3456
1606,641
957,896
212,0
1866,1410
1723,1024
3437,3456
3836,3975
1220,1024
2791,3201
211,0
3055,2817
1352,1024
1242,1024
1438,896
3475,3456
330,0
1609,1024
2734,3072
2851,2944
509,419
721,705
2665,3201
676,513
3572,3584
2852,2944
1015,896
742,705
985,1472
3170,3201
3009,3201
194,0
677,579
2315,2052
3540,3456
3559,3456
3979,3456
2902,2930
2570,2049
3477,3456
1130,1024
2937,3201
1824,896
809,705
2631,2560
3273,2947
722,705
1270,1024
2916,2944
3154,3201
1012,641
1768,1024
1533,1216
1145,1024
950,1410
2308,2560
1590,1024
2485,2560
1033,1410
591,513
3992,4000
110,0
3750,3456
1943,2560
3167,2816
2503,2049
2899,2944
896,896
3097,3201
2642,2052
3070,3201
3714,3584
3147,2817
1638,896
218,0
4026,4000
824,705
3381,3201
56,0
2742,3201
920,1024
1909,1024
2302,2052
2682,2947
566,513
2811,3201
3977,3521
2878,3201
2319,2052
708,705
779,705
1345,896
585,513
2542,2560
1116,1024
3088,3201
2416,2176
3838,3456
3103,2947
3278,3072
479,513
1837,1216
3826,3584
3960,3776
2994,2944
768,736
3034,3201
1562,1889
3748,3456
3635,3456
2761,2944
457,419
615,576
3242,3201
3894,3585
3592,3456
2986,2944
1857,896
2577,2049
2229,2560
440,513
526,1024
502,513
1738,1472
3731,3456
1478,962
856,705
2376,2560
2705,2944
3929,3456
353,513
2384,2052
3612,3584
3728,3521
3225,3201
1436,1472
2129,2049
3968,3456
2873,2944
1626,1024
941,896
2418,2560
2215,2052
2655,2560
1999,1921
342,0
864,705
1281,896
3279,3201
3817,3456
2888,2944
2217,2049
1461,1024
2740,0
673,513
169,0
3256,3201
1587,896
545,513
3916,3456
538,513
220,0
1189,1472
2476,2560
972,1024
825,705
4009,4000
1756,1472
710,705
690,705
3143,2944
1499,1889
2552,2560
1479,896
1748,1472
871,881
1836,1024
3720,3923
5,0
2,0
13,0
3649,3649
554,419
3844,3616
1278,1024
946,1024
4015,4000
4017,4000
3120,3201
2428,2560
3913,3456
2349,2401
1512,641
1554,1024
75,0
3926,3456
3179,3201
3596,3456
1465,2052
2373,2049
716,705
1335,1024
3290,0
2501,2304
1464,641
108,0
3027,3201
540,513
870,881
2082,2049
410,513
2621,2528
3582,3554
1513,1024
1595,896
1524,1024
1482,1472
2766,2944
3193,2944
1088,1024
2260,2049
2148,2052
2165,2560
4034,4000
3633,3456
1143,896
777,705
2317,2049
468,513
1312,1024
3580,3585
3654,3456
1137,1216
1757,1024
3393,3201
1711,1024
68,0
365,513
1859,896
2556,2560
3395,3201
2227,2049
324,0
320,0
408,513
795,705
307,0
1036,896
2643,2052
2677,2688
2957,3201
346,0
1523,1024
520,513
514,513
1995,1921
390,513
623,579
2214,2176
1060,896
1807,1472
1739,1472
535,513
605,579
2049,2049
2261,2560
628,576
2854,2944
3795,3456
3054,2944
1097,1216
2960,2944
954,896
1885,1024
3704,3456
2219,2176
3672,3456
3538,3874
3772,3456
1409,1024
3937,3584
1096,1024
621,579
3721,3456
3638,3616
3583,3584
626,579
2266,2560
3320,3201
3701,3975
2607,2560
3494,3584
2872,2944
1069,1024
3581,3649
1250,1024
1553,1024
2843,2816
1828,896
381,419
3421,3201
2554,2560
1217,1472
3591,3584
524,513
1311,1472
2339,2560
2022,1921
216,0
649,0
3231,2944
1636,896
2089,2049
3816,3456
3126,1684
1946,2560
505,419
581,513
2090,2560
2610,2176
1427,641
1664,1472
3210,3201
2402,2049
2786,2944
3001,2947
2448,2049
3136,3201
915,641
1159,1472
553,513
404,513
2333,2304
782,736
3560,3456
2675,3201
243,0
3367,3201
310,0
329,0
1696,1696
1770,1472
2015,2049
3343,3201
3512,3456
2915,2944
1453,962
3245,3072
2599,2052
3861,3456
819,705
3443,3554
439,513
3454,3456
602,513
1237,641
3827,3521
265,0
2660,1921
3016,3201
1022,1024
1515,896
2952,2944
3669,3700
3042,2944
111,0
527,513
1564,1441
2623,2560
3048,3201
2736,3072
730,705
2016,1921
1855,1472
2772,3201
3267,3201
256,0
462,513
2086,2560
2583,1921
99,0
2699,3008
3102,3201
2807,2944
1598,1024
1797,1024
3978,3456
3301,2944
2866,2944
2993,2944
2862,2944
2028,2052
172,0
3387,2944
2472,2052
2184,2560
3134,2944
2847,3201
705,705
797,705
1672,1472
135,0
1927,1921
2401,2401
1745,1472
1154,962
785,705
4011,4000
840,705
3613,3649
239,0
3036,2944
3643,3584
189,0
3410,2947
3308,3266
875,705
2569,2560
54,0
286,0
1978,2049
2307,2560
1071,1024
1790,641
531,513
1683,1024
3089,3201
3865,3521
563,513
2803,3201
2998,2944
380,419
132,0
1052,1472
2124,2560
2162,2049
1152,1472
2995,3201
660,579
43,0
3561,3554
2567,2052
2152,2049
2218,2560
3004,2944
2457,2560
2456,2049
2039,2052
3091,2721
1131,1472
3895,3584
2690,3201
2711,3201
2045,2560
3570,3456
3453,3456
1043,1043
2745,2944
3138,3201
3352,3201
598,579
3098,2944
2252,2304
357,419
356,513
1835,1024
433,513
2282,2304
19,0
3588,3521
1277,896
3106,3201
3630,3554
2647,1921
2189,2052
1305,1024
1525,1472
2287,2560
2670,3008
2006,1921
1314,1216
3085,2944
2038,2052
473,513
1008,1024
1339,1024
3843,3584
4001,4000
3047,2944
2549,2560
1652,1024
2858,3072
2381,2560
926,1024
3774,3975
2437,2048
1364,1024
2695,2944
63,0
2414,2560
3594,3649
309,0
728,705
859,705
2094,1956
4000,4000
2913,2944
2443,2560
1881,641
3005,3201
1284,896
2595,2560
3396,3201
1028,1024
1668,1024
1872,896
3640,3456
2512,2052
2676,2944
1631,641
1348,1472
2502,2052
186,0
3598,3840
1254,1043
2601,2560
1958,1921
1439,1024
525,513
1272,1024
3428,2944
2810,2944
3506,3584
2226,2304
2955,3201
3939,3585
1016,1889
413,513
2029,2304
2796,3201
3213,2944
1357,641
1510,1472
2784,3201
82,0
3486,3584
3390,2944
1847,1472
766,705
2399,2304
2639,1921
866,881
3849,3456
1394,896
1869,1472
3615,3521
761,705
1810,1024
3876,3521
3204,3201
1474,1472
1763,641
1558,1024
1765,1024
654,579
463,513
414,513
3734,3456
472,513
2267,2052
4002,4000
2126,2049
546,513
1650,1472
1382,896
1526,641
49,0
2223,2052
1085,3456
2249,2052
2568,2304
693,705
3952,3616
3736,3456
2598,2052
2240,2560
3376,3376
2547,2052
2832,3201
32,0
2222,2304
1238,1024
3864,3700
1582,896
1469,1472
141,0
382,513
3830,3456
1273,896
2775,2947
3469,3554
1113,641
2177,2304
745,705
1164,1024
3288,3201
1247,896
955,1043
3868,3874
1179,641
2382,2560
1432,896
2833,3201
3851,3456
4035,4000
2776,3200
125,0
2292,2052
1665,1024
1429,896
611,579
1886,1024
2951,3201
2211,2176
2997,3072
887,867
3069,2947
1169,1472
2812,3201
725,768
1725,1472
1588,1410
2817,2817
3776,3776
1018,896
657,579
713,705
1506,641
3160,3201
3448,3456
1283,1024
2268,2052
2440,2049
2719,3201
578,576
2232,2052
947,1024
908,1410
1845,1024
3628,3874
503,513
1712,1024
1119,1024
790,705
3041,3201
1361,1024
2815,2944
3159,2947
2794,2944
264,0
2769,2944
3326,3201
67,0
3316,3201
811,705
85,0
405,513
2369,2560
3295,2947
2096,2304
1000,1472
982,1024
1204,896
2783,3201
2978,2944
3112,3201
225,0
619,579
1798,1216
2087,2052
2044,2560
3153,2944
465,513
3763,3584
55,0
1846,1024
3237,2944
1993,2560
2652,2304
107,1024
3738,3554
2574,2560
2285,2052
4021,4000
3349,3201
1628,896
3464,3554
3757,3975
3100,3201
3227,2944
2603,2304
2982,3008
2983,3072
680,579
873,867
183,0
3878,3584
1593,1410
3084,2944
788,768
2841,3072
3699,3616
1444,1472
2395,2560
3431,3201
2390,2304
1557,1024
1093,1472
2543,2560
3299,3201
2576,2560
4024,4000
1103,896
3503,3456
2003,2304
1490,641
2264,2304
2504,2560
739,705
3286,2944
880,705
3203,3201
3141,3200
3558,3584
3586,3456
522,513
