id,degree
107,2090
1684,1584
1912,1510
3437,1094
0,694
2543,588
2347,582
1888,508
1800,490
1663,470
1352,468
2266,468
483,462
348,458
1730,452
1985,448
1941,446
2233,444
2142,442
1431,440
1199,434
1584,422
2206,420
1768,418
2611,414
2410,414
2229,414
1589,410
1086,410
2047,410
2218,410
2078,408
1993,406
2123,406
1746,404
2464,404
2560,402
2240,402
1827,402
2507,402
2244,400
1983,398
2309,398
1126,396
2131,396
2602,396
2088,396
2340,396
2324,394
2590,394
2369,394
2542,392
2604,392
2607,390
2073,390
2220,390
1804,390
2188,388
2172,386
1390,386
2059,386
1943,384
2150,384
1946,382
1833,382
2428,382
2526,382
2601,380
2201,380
1612,380
2331,380
1377,380
1917,380
1938,378
1621,378
2090,378
2564,376
2624,376
2118,376
2384,376
2030,374
1714,374
2586,374
1962,374
2064,372
2184,372
2625,372
1559,372
2615,370
2275,370
2593,370
1707,370
2111,368
2103,368
2290,368
2414,366
1078,366
2323,366
1835,364
1376,364
2339,364
1613,364
2600,364
2500,362
2104,362
2326,360
2271,360
1610,358
2395,358
2376,358
1984,356
1399,356
2139,356
2492,356
2409,356
1622,354
2354,354
2468,354
2093,354
2381,352
1971,352
1979,352
2045,352
2199,350
1391,350
2278,348
2043,348
1211,346
2200,346
2553,346
2630,346
2033,346
2037,346
2081,344
2356,344
1966,344
2140,342
1551,342
2007,342
686,340
2404,340
1577,340
2460,338
2124,338
1471,338
2655,336
2374,336
2352,336
2190,336
2069,336
925,334
2363,334
946,332
2328,332
2638,332
1367,332
2559,330
1059,330
1839,330
2520,330
2423,330
2578,328
2598,328
2619,328
2108,328
2054,326
2074,324
2550,324
2549,322
2283,322
2446,322
1918,322
2154,320
2112,320
2482,320
2289,320
1554,320
2333,320
414,318
2133,318
1516,318
1184,316
2551,316
2020,316
2121,316
2370,316
2253,314
2087,312
2308,312
1813,312
1185,312
1736,312
1522,312
2299,310
2561,310
2257,310
1718,310
2005,310
2095,308
2282,308
2276,308
993,308
2408,306
1986,306
1238,304
2040,304
1799,304
2573,304
1557,302
2654,302
1929,302
2348,302
2504,302
2336,300
1879,300
1017,298
1604,296
1420,296
2187,296
1146,294
2433,294
2083,294
2359,294
2032,294
916,294
1945,292
1662,292
2122,292
1331,292
2430,292
1603,290
2495,290
1793,290
2546,288
2292,284
2117,284
1447,284
1076,284
1006,284
1132,284
1222,284
1107,282
2068,282
2307,282
2084,282
2063,282
2575,282
2521,282
2212,280
2539,280
2511,280
1153,278
2153,278
1717,278
2386,278
2334,278
2510,276
2138,276
2485,274
2839,274
1250,274
1669,274
1361,274
2115,272
1598,272
1329,272
2086,272
1256,270
2646,270
2555,270
2469,270
1488,270
1997,270
2109,270
2509,268
2183,268
1926,268
2216,266
376,266
136,266
2102,264
2471,264
1456,264
1175,264
1791,262
1816,262
1509,262
1757,262
2556,262
3363,262
1124,260
2467,260
1902,260
2268,260
917,260
2623,260
2072,258
2279,258
2261,258
2224,258
2149,256
2165,256
1620,256
980,256
1335,256
1823,254
1665,254
2642,254
2629,254
1750,252
1269,252
2077,252
896,252
2484,252
2463,252
1491,250
2592,250
1230,250
1925,250
2327,250
1255,248
2461,248
1277,248
1570,248
2237,248
2329,248
1467,248
2506,248
1689,248
1920,246
1341,246
1683,246
2071,246
1867,246
1101,246
2046,246
2038,246
2302,246
1079,246
1953,246
1547,244
1117,244
475,244
2247,244
2294,244
2319,244
3101,244
2754,244
2649,244
1668,244
1330,244
2300,244
2125,242
1868,242
2491,242
1761,242
1783,242
2344,242
1004,240
1267,240
1959,240
1947,240
2174,240
3291,238
1842,238
2241,238
1849,238
1600,234
1675,234
2418,234
2176,234
1617,234
1125,234
1520,234
2098,234
1608,234
2567,232
2579,232
2223,232
3082,232
2631,232
2742,232
637,230
966,230
1721,230
1752,230
1173,230
428,230
2053,230
2056,230
947,230
3397,230
2180,228
2617,228
1214,228
1619,228
2189,226
2306,226
3320,226
1291,226
2477,226
1172,226
1809,226
3426,226
2127,224
2039,224
2552,224
1370,224
1243,224
1597,224
1563,224
1416,222
2563,220
1191,220
2196,220
2351,220
2250,218
953,218
2169,218
2419,218
1104,218
2194,218
2338,218
1735,218
2451,218
2489,216
2398,216
1948,216
1465,216
3830,216
3090,216
1864,214
1204,214
3280,214
2966,214
484,214
1302,214
967,214
1235,214
3434,214
2060,212
1409,212
2052,212
2944,212
1083,212
2532,212
1048,212
921,212
2028,212
1530,210
3232,210
1886,210
2372,210
1712,210
2597,210
2512,210
517,208
2863,208
978,208
1305,208
2877,208
1741,208
2332,206
3116,206
960,206
2213,206
1789,206
2574,206
1810,204
2786,204
353,204
1826,204
2951,204
1205,204
2143,204
1459,204
1149,204
1898,202
2582,202
3051,202
1845,202
1623,200
1339,200
1334,200
2986,200
1643,200
2616,200
2643,200
1163,200
2203,200
2719,200
2661,198
1014,198
2608,198
3078,198
1637,198
2458,198
2533,198
412,198
1861,198
1156,198
2793,198
1128,196
2508,196
2210,196
526,196
2782,196
3387,194
366,194
1583,194
2669,194
1345,194
1786,194
1192,194
2475,194
1271,192
997,192
2591,192
3026,192
2042,192
2462,192
1964,192
2026,192
1483,192
2956,192
363,192
2716,190
2537,190
2778,190
1688,190
2246,190
1003,190
1932,190
2394,190
1591,190
373,188
2132,188
2594,188
2179,188
2436,188
2498,188
2377,188
3330,186
1954,186
2554,186
2679,186
2499,186
2478,186
1242,186
1940,186
2694,186
1480,186
1685,186
2392,184
2164,184
2927,184
2906,184
1288,184
2128,184
2960,184
3201,184
1955,184
1609,184
2273,182
3154,182
3000,182
606,182
2588,182
1344,182
563,182
2434,182
2915,182
1449,180
1322,180
2148,180
3035,180
1605,180
1472,180
2254,180
1795,178
2407,178
3150,178
1181,178
2730,178
1573,178
2755,178
513,178
3417,178
2191,176
1819,176
2516,176
3038,176
3033,176
2135,176
1590,176
1160,176
2890,176
1989,174
538,174
2916,174
1290,174
3324,174
2353,172
2429,172
3596,172
1963,172
2928,172
3252,172
2151,172
3076,172
3198,172
566,170
2750,170
1024,170
1289,170
2002,170
553,170
2134,170
1380,170
3152,170
2313,170
952,168
1272,168
1479,168
3132,168
2010,168
1388,168
3348,168
1227,168
1359,168
1462,168
580,168
3351,168
2738,166
2777,166
2910,166
2757,166
559,166
497,166
2664,166
1198,166
2267,166
2676,166
3104,166
3545,166
3938,166
1893,166
500,166
3054,166
1580,166
2161,164
1628,164
3350,164
1536,164
1659,164
1049,164
1753,164
934,164
1871,164
2800,164
2833,164
2943,164
2849,162
1652,162
2420,162
561,162
3185,160
1075,160
1729,160
2867,160
1312,160
3022,160
1661,160
1026,160
1899,158
1737,158
2325,158
1939,158
1742,158
1029,158
1539,158
1916,158
3226,158
1632,158
2368,158
1032,158
2589,158
828,158
2343,158
2925,158
465,156
906,156
1070,156
2144,156
1639,156
2683,156
3060,156
2866,156
3056,156
2828,156
56,156
1636,154
1358,154
2901,154
2909,154
2472,154
395,154
999,154
1596,154
1323,154
2399,154
67,152
2872,152
1067,152
3396,152
3604,152
1209,152
3084,152
3347,152
1280,152
2058,152
3344,152
2062,152
3096,152
3049,152
2501,152
2606,150
927,150
2264,150
2864,150
2827,150
3362,150
2913,150
2748,150
1653,148
3174,148
1375,148
2920,148
3360,148
1402,148
1231,148
1347,148
2905,148
2136,148
271,146
2315,146
1857,146
651,146
3339,146
2055,146
1373,146
2873,146
2973,146
400,146
2992,144
1538,144
322,144
506,144
1970,144
3267,144
3195,144
1475,144
2653,144
2904,144
1207,144
3172,144
3002,144
2391,144
1611,144
1298,142
1470,142
3277,142
2862,142
1891,142
1123,142
1614,142
370,142
3120,142
2232,142
1796,142
2101,142
438,142
431,142
713,142
1221,142
2969,142
3140,142
2919,140
2235,140
2674,140
1844,140
1703,140
1972,140
1110,140
2445,140
1502,140
3406,140
2724,140
2869,140
1528,140
3019,140
2417,140
3017,140
3284,140
2396,138
2939,138
1644,138
3145,138
1523,138
705,138
3119,138
2911,138
25,138
525,138
1515,138
1540,138
2698,138
3321,138
26,136
1282,136
1338,136
1066,136
2603,136
3113,136
374,136
982,136
2287,136
1261,136
3182,136
2438,136
698,136
1135,136
3179,136
3342,136
1028,134
544,134
2706,134
1495,134
1782,134
2689,134
1040,134
3684,134
3302,134
1574,134
1820,134
1630,134
1351,134
1130,132
2304,132
2880,132
1576,132
897,132
1182,132
3240,132
1427,132
1765,132
1287,132
3247,132
995,132
1158,132
460,132
805,132
3149,132
2781,132
2171,132
641,132
1366,132
1085,132
3027,132
3433,130
3633,130
1148,130
942,130
3335,130
3098,130
957,130
1056,130
1973,130
2994,130
507,130
492,130
252,130
277,130
1047,130
2116,130
21,130
2364,130
1715,130
3345,130
1877,128
514,128
1100,128
3064,128
719,128
1320,128
1951,128
2940,128
524,128
1426,128
1994,128
1273,128
1535,128
1487,126
2937,126
3117,126
122,126
1340,126
3214,126
932,126
1894,126
3419,126
2763,126
3256,126
1811,126
3233,126
1074,126
1995,126
567,126
1052,126
2988,126
3297,126
2536,126
2729,126
3108,126
3274,126
3239,124
3353,124
3106,124
378,124
3332,124
1709,124
2853,124
3136,124
3073,124
119,124
1457,124
3366,124
3070,124
417,124
983,124
3411,124
3115,122
1423,122
3146,122
2991,122
1772,122
515,122
2912,122
1159,122
391,122
2666,122
2894,122
3184,122
3756,122
1021,122
3169,122
456,122
1680,122
3838,122
422,120
1691,120
3378,120
1413,120
2796,120
1080,120
2001,120
1284,120
436,120
2465,120
3293,120
2985,120
2936,120
1237,120
1129,120
1716,120
1571,120
3299,120
2280,118
3948,118
1505,118
3851,118
2780,118
239,118
3980,118
2243,118
2946,118
2974,118
1724,118
1036,116
3521,116
1504,116
542,116
1201,116
2989,116
1019,116
1824,116
2659,116
2810,116
503,116
824,116
1020,116
3263,116
2215,116
200,114
1469,114
402,114
747,114
9,114
1794,114
203,114
3162,114
745,114
1275,114
2741,114
419,114
1980,114
2385,114
2815,114
423,114
2773,114
1082,114
1009,114
1754,114
1166,114
1525,114
3611,114
1645,112
2284,112
823,112
2993,112
493,112
315,112
1099,112
1722,112
3495,112
2538,112
2640,112
1435,112
1828,112
1437,112
1923,112
1876,112
1655,112
3142,112
3224,110
432,110
2018,110
2365,110
304,110
1981,110
2620,110
2198,110
3077,110
3877,110
1292,110
408,110
954,110
1919,110
1927,110
2285,110
830,110
1285,110
1542,110
1336,110
1432,110
2259,110
1257,110
1219,108
1862,108
3220,108
2645,108
975,108
1054,108
1998,108
941,108
1112,108
2126,108
3261,108
2945,108
2897,108
3025,108
2547,108
1396,108
2293,108
3355,108
2211,108
694,108
1473,108
3381,108
2717,108
3065,106
3391,106
1393,106
461,106
2024,106
3004,106
2931,106
1881,106
3385,106
3416,106
2749,106
2680,106
2031,106
1587,106
1369,106
781,104
3158,104
3029,104
1454,104
697,104
3577,104
2875,104
2657,104
3403,104
930,104
1448,104
3089,104
3085,104
3111,104
1513,104
2006,104
2345,104
2753,104
3386,104
1379,102
1807,102
2610,102
3107,102
1060,102
1725,102
3206,102
1102,102
2743,102
3188,102
1018,102
3456,102
404,102
1120,102
2226,102
3087,102
3253,102
1882,102
2311,102
3040,102
1692,100
1751,100
1405,100
1935,100
2022,100
2378,100
520,100
1616,100
3327,100
2387,100
1404,100
2367,100
2665,100
3501,100
3677,100
1647,100
3824,100
2004,100
3052,100
3047,100
1092,100
1872,100
3021,100
2896,100
2806,100
1549,98
1122,98
2390,98
3435,98
3734,98
3793,98
2258,98
3800,98
1482,98
2473,98
2447,98
2652,98
2720,98
1723,98
1991,98
2202,98
2787,98
3137,98
3804,98
3384,98
1734,98
2137,98
3102,98
3584,98
1327,98
1720,98
1863,98
1068,98
1841,98
2609,98
98,98
1195,98
3364,98
2075,96
3288,96
3287,96
3506,96
1303,96
1569,96
389,96
1496,96
2647,96
1732,96
2330,96
2061,96
3168,96
556,96
1041,96
2159,96
2950,96
2929,96
2648,96
188,96
3265,96
1293,96
2518,96
2003,96
3488,94
3593,94
444,94
724,94
2765,94
3966,94
3930,94
285,94
981,94
397,94
3971,94
1217,94
1485,94
1229,94
2874,94
3448,94
1770,94
3204,94
1113,94
3258,94
1914,94
3672,94
199,94
1259,94
591,92
1051,92
959,92
170,92
1389,92
3114,92
2758,92
2479,92
2449,92
2322,92
3365,92
2222,92
527,92
2459,92
902,92
1460,92
545,92
596,92
1832,92
2583,92
3072,92
3968,92
1859,92
3295,92
1180,90
3298,90
2009,90
2681,90
1702,90
2756,90
1155,90
827,90
688,90
924,90
3442,90
3449,90
3412,90
1179,90
2361,90
2576,90
2881,90
272,90
3790,90
1315,88
1279,88
1565,88
2835,88
40,88
913,88
2239,88
2955,88
3586,88
2970,88
3272,88
1812,88
3118,88
853,88
186,88
1398,88
2027,88
3758,88
3906,88
2712,88
2785,88
1236,86
2145,86
3005,86
142,86
1108,86
3369,86
1572,86
834,86
3014,86
280,86
332,86
703,86
1960,86
3034,86
1687,86
1309,86
2110,86
2502,86
463,86
439,86
360,86
523,86
1545,86
2092,86
3680,86
504,86
3797,86
1215,86
3926,86
452,84
1365,84
3576,84
984,84
1258,84
2871,84
3011,84
1374,84
1349,84
1831,84
3257,84
2958,84
1851,84
1699,84
1529,84
3640,84
1706,84
1332,84
2225,84
2057,84
3902,84
1382,82
1524,82
2155,82
3207,82
1582,82
2770,82
3238,82
172,82
1281,82
1318,82
2633,82
2976,82
3842,82
1873,82
2221,82
3514,82
592,82
3924,82
1909,82
988,82
3097,82
695,82
2627,82
3296,82
2914,82
2192,82
2415,82
2147,82
3177,82
537,80
1673,80
2887,80
2585,80
784,80
968,80
1774,80
1766,80
2924,80
3301,80
3422,80
531,80
1210,80
1324,80
2011,80
2921,80
1245,80
2932,80
3196,80
3191,80
3731,80
2242,80
1921,80
113,80
496,80
1843,80
1903,80
325,78
355,78
1595,78
3962,78
3605,78
630,78
2488,78
323,78
856,78
3079,78
2996,78
815,78
1532,78
1942,78
579,78
1001,78
1957,78
2494,78
3316,78
3737,78
1190,78
2157,78
1931,78
2865,78
392,78
213,78
1911,78
1976,78
3219,78
1790,76
1548,76
2660,76
2675,76
2823,76
261,76
555,76
752,76
1837,76
1550,76
2297,76
2636,76
820,76
1682,76
2728,76
169,76
898,76
1846,76
1778,76
1109,76
1429,76
728,76
1634,76
1304,76
2129,76
3455,76
3705,76
3702,76
948,76
3036,76
3674,76
430,76
3166,76
3873,76
3692,76
1733,76
1114,76
388,76
1189,76
1260,76
1787,76
2097,76
3395,76
3558,76
1740,74
3399,74
2662,74
3046,74
1553,74
1507,74
1360,74
2318,74
455,74
1744,74
944,74
1895,74
1371,74
3020,74
3629,74
3860,74
2107,74
109,74
236,74
313,74
819,74
2236,74
2718,74
3086,74
800,74
1343,74
2049,74
3829,74
774,74
842,74
1037,74
1355,74
1348,74
1392,74
1407,74
2416,74
936,74
479,74
557,74
1626,74
2639,74
2672,74
3625,74
1677,72
1446,72
1767,72
1097,72
1115,72
1216,72
2209,72
2658,72
1975,72
2529,72
3213,72
1010,72
1517,72
2317,72
2406,72
2366,72
3303,72
3528,72
773,72
387,72
1578,72
394,72
1848,72
2371,72
2346,72
2379,72
3228,72
2231,72
291,72
1170,72
2476,72
2425,72
3331,72
3525,72
1278,72
118,72
726,72
1015,72
1666,72
1897,72
2854,72
1337,72
1987,72
1226,70
1555,70
2337,70
3304,70
2751,70
3568,70
570,70
1624,70
1246,70
2397,70
3346,70
3951,70
915,70
3129,70
3001,70
3794,70
766,70
989,70
1649,70
1686,70
2274,70
3212,70
3810,70
1968,70
3400,70
3135,70
3529,70
604,70
1533,70
1878,70
1118,70
1514,70
2519,70
3023,70
2637,70
2525,70
1635,68
1694,68
2440,68
420,68
1183,68
3187,68
3945,68
368,68
1512,68
2626,68
2772,68
2296,68
1425,68
1313,68
669,68
2091,68
3884,68
482,68
1408,68
780,68
1438,68
903,68
2029,68
2708,68
342,68
901,68
1798,68
3540,68
1656,68
1452,68
2335,68
1958,68
1999,68
2668,68
3250,68
82,68
409,68
829,68
3100,68
971,68
1638,68
2953,68
3900,68
1567,66
1534,66
2783,66
2850,66
3617,66
398,66
1543,66
1508,66
2448,66
2840,66
1333,66
487,66
2000,66
2067,66
3234,66
434,66
3553,66
3518,66
1519,66
654,66
1142,66
3687,66
3599,66
1350,66
2977,66
3542,66
1458,66
3123,66
1136,66
683,66
963,66
1541,66
2745,66
3722,66
3841,66
969,64
1806,64
1283,64
3062,64
3947,64
2715,64
2228,64
3833,64
104,64
614,64
2411,64
3651,64
367,64
908,64
1378,64
1763,64
2393,64
1593,64
548,64
1671,64
1131,64
1188,64
1884,64
3313,64
3255,64
1012,64
810,64
1316,64
3010,64
3475,64
3858,64
3826,64
1444,64
1728,64
3869,64
473,64
547,64
573,64
1880,64
1601,64
1011,64
1727,64
2907,64
3782,64
2690,62
2836,62
696,62
2412,62
992,62
1866,62
53,62
1451,62
2557,62
2711,62
2841,62
3203,62
2613,62
1406,62
1299,62
1606,62
3248,62
2713,62
3377,62
1910,62
2540,62
3341,62
471,62
1265,62
2739,62
3394,62
3918,62
13,62
1300,62
1357,62
1307,62
3259,62
3264,62
3464,62
3557,62
2021,62
2163,62
1468,62
849,60
1785,60
2085,60
2571,60
2025,60
3486,60
511,60
1415,60
1907,60
2173,60
2035,60
2355,60
3738,60
560,60
754,60
760,60
922,60
1436,60
3018,60
3148,60
3721,60
1511,60
1225,60
2999,60
3124,60
2544,60
609,60
718,60
1904,60
3160,60
3526,60
3921,60
3822,60
211,60
329,60
546,60
1081,60
1695,60
1818,60
2832,60
990,58
1025,58
708,58
1497,58
3693,58
2272,58
2673,58
3886,58
3764,58
1825,58
1944,58
3711,58
1428,58
1850,58
938,58
1232,58
2731,58
3016,58
2303,58
1116,58
787,58
3468,58
2234,58
512,58
3275,58
1568,58
1137,58
2844,58
2892,58
3415,58
2530,58
739,58
3750,58
1500,58
645,58
919,58
1858,58
2843,58
224,56
1044,56
3231,56
2784,56
141,56
1503,56
2389,56
2612,56
128,56
1453,56
1642,56
1885,56
2432,56
3225,56
3460,56
488,56
764,56
3080,56
3469,56
3828,56
334,56
1167,56
3237,56
3730,56
1440,56
1875,56
2628,56
2761,56
2768,56
2684,56
653,56
687,56
2342,56
2829,56
3260,56
3728,56
2350,56
2214,54
3041,54
265,54
1667,54
481,54
962,54
994,54
1381,54
1821,54
2480,54
2705,54
3740,54
3609,54
1106,54
680,54
445,54
1705,54
3559,54
1064,54
1310,54
2644,54
2908,54
2797,54
3243,54
3176,54
3718,54
3635,54
2775,54
223,54
840,54
1164,54
3285,54
2846,54
3825,54
339,54
1679,54
396,54
847,54
770,54
1319,54
3193,54
2987,54
1758,54
2813,54
2156,54
2435,54
3590,54
346,54
1039,54
359,52
964,52
2341,52
3221,52
3867,52
185,52
324,52
510,52
731,52
1314,52
2734,52
3466,52
2065,52
3440,52
312,52
369,52
1306,52
1743,52
2663,52
3569,52
3821,52
3710,52
1464,52
354,52
678,52
619,52
1035,52
1900,52
3319,52
2566,52
1493,52
3907,52
62,52
1212,52
814,52
3273,52
727,52
415,52
1781,52
1072,52
1847,52
1494,52
1165,52
1196,52
3870,52
977,52
458,52
797,52
2845,52
3714,52
3690,52
3835,52
1738,52
2701,52
3713,52
2474,52
232,50
519,50
1769,50
1803,50
3170,50
2023,50
3390,50
3636,50
1321,50
617,50
636,50
1674,50
1296,50
2044,50
2427,50
3379,50
2812,50
1672,50
933,50
158,50
421,50
2764,50
3471,50
297,50
1625,50
738,50
1556,50
1274,50
3943,50
161,50
451,50
1648,50
3081,50
3831,50
583,50
3215,50
3279,50
3211,50
3505,50
3480,50
3706,50
1681,50
1704,50
601,50
1764,50
1836,50
3178,50
3969,50
644,50
1592,50
1561,50
2978,50
3753,50
2497,50
2362,50
3007,48
3508,48
2141,48
976,48
1618,48
3337,48
2286,48
2146,48
3707,48
3497,48
1247,48
489,48
661,48
643,48
2581,48
3013,48
2984,48
249,48
627,48
600,48
615,48
1139,48
3209,48
3956,48
3438,48
1421,48
658,48
662,48
618,48
958,48
1311,48
1419,48
2383,48
2686,48
3643,48
308,48
1095,48
862,48
2733,48
3927,48
3891,48
3463,48
3578,48
242,48
72,48
817,48
1660,48
1171,48
1121,48
2819,48
41,48
578,48
659,48
1815,48
1615,48
2795,48
2160,48
3262,48
2702,48
1988,48
670,46
792,46
1588,46
2050,46
3163,46
3491,46
418,46
734,46
2295,46
1928,46
3286,46
2981,46
352,46
1801,46
681,46
949,46
675,46
640,46
1228,46
2531,46
2618,46
3642,46
3527,46
599,46
31,46
1286,46
1450,46
2310,46
3431,46
3534,46
3719,46
2089,46
3628,46
3768,46
80,46
1870,46
1433,46
3075,46
3186,46
3294,46
3667,46
494,46
495,46
3420,46
2443,46
238,46
1633,46
361,46
845,46
1773,46
1098,46
2120,46
3223,46
48,44
171,44
577,44
1779,44
2496,44
2851,44
3852,44
3573,44
204,44
1063,44
632,44
1400,44
1747,44
1852,44
1526,44
3032,44
3199,44
94,44
838,44
1531,44
1489,44
2967,44
3039,44
3915,44
3670,44
2759,44
3656,44
597,44
677,44
1294,44
1484,44
1412,44
1629,44
1936,44
3509,44
3836,44
3931,44
635,44
650,44
1062,44
2197,44
2558,44
3747,44
539,44
1223,44
1805,44
2208,44
2803,44
3634,44
3443,44
2870,44
2830,44
2807,44
3306,44
3511,44
450,44
3909,44
536,44
469,44
1906,44
2207,44
2891,44
3933,44
248,42
582,42
701,42
1650,42
1726,42
2848,42
2868,42
3236,42
3554,42
416,42
543,42
589,42
1144,42
2036,42
3896,42
231,42
625,42
1127,42
1439,42
2096,42
2570,42
2948,42
972,42
3430,42
3791,42
3648,42
2762,42
303,42
92,42
926,42
2622,42
3380,42
1363,42
3697,42
1317,42
2401,42
3786,42
3761,42
2288,42
2737,42
115,42
350,42
1069,42
1418,42
3601,42
3499,42
3803,42
320,42
848,42
1410,42
2687,42
3139,42
88,40
474,40
835,40
1771,40
1566,40
1990,40
3103,40
302,40
403,40
620,40
457,40
803,40
1091,40
1187,40
1241,40
2405,40
2667,40
558,40
3615,40
1575,40
565,40
1308,40
3845,40
7,40
148,40
684,40
2918,40
1965,40
3356,40
3500,40
3538,40
1585,40
516,40
2934,40
2577,40
3276,40
3042,40
2938,40
2949,40
180,40
711,40
807,40
758,40
793,40
2635,40
3555,40
2260,40
1213,40
1356,40
1780,40
3421,40
2859,40
3318,40
3618,40
3510,40
299,40
331,40
951,40
1328,40
2825,40
3458,40
3462,40
3850,40
518,38
616,38
755,38
1719,38
2249,38
3779,38
3752,38
3608,38
3627,38
3278,38
3535,38
59,38
1913,38
3009,38
3189,38
2019,38
3725,38
462,38
425,38
647,38
1169,38
991,38
2962,38
2670,38
2794,38
3493,38
3776,38
3550,38
3862,38
3866,38
1658,38
3329,38
2572,38
2889,38
2735,38
2779,38
3743,38
3759,38
4030,38
1698,38
1537,38
101,38
748,38
2587,38
2641,38
2789,38
3289,38
3241,38
3623,38
3785,38
326,38
194,38
362,38
595,38
3325,38
3171,38
3485,38
3591,38
3612,38
1745,38
3393,38
134,38
1161,38
1424,38
1982,38
2696,38
3138,38
3307,38
3496,38
2314,38
2400,38
2809,38
357,36
446,36
1141,36
2917,36
3957,36
266,36
257,36
426,36
554,36
666,36
676,36
603,36
1646,36
2979,36
3404,36
2856,36
2964,36
3359,36
3309,36
3450,36
1174,36
1678,36
2703,36
2170,36
3300,36
3903,36
3741,36
212,36
720,36
795,36
779,36
973,36
1501,36
2248,36
2650,36
276,36
783,36
3173,36
2152,36
3498,36
3774,36
3913,36
184,36
2016,36
343,36
605,36
706,36
777,36
2349,36
2426,36
2186,36
2486,36
3972,36
1325,36
2693,36
3414,36
3328,36
3474,36
2082,36
3868,36
4023,36
2831,36
123,36
133,36
772,36
809,36
1883,36
3109,36
2534,36
3645,36
3881,36
3698,36
665,36
30,34
424,34
2858,34
3662,34
3564,34
3683,34
2185,34
2291,34
175,34
254,34
375,34
372,34
709,34
741,34
1784,34
2076,34
2523,34
3312,34
3837,34
3960,34
3646,34
3760,34
1952,34
55,34
685,34
623,34
1152,34
3392,34
3478,34
3110,34
2947,34
413,34
3,34
214,34
116,34
664,34
1478,34
2983,34
2605,34
3194,34
3383,34
3762,34
2726,34
3473,34
23,34
1700,34
3167,34
3373,34
3571,34
3587,34
939,34
551,34
940,34
1033,34
1860,34
2181,34
2972,34
3519,34
1,34
2048,34
3057,34
2614,34
3382,34
2959,34
3043,34
3602,34
3757,34
3563,34
2298,34
1481,34
905,34
1186,34
2413,34
2965,34
2403,34
3517,34
634,32
1829,32
3008,32
3423,32
2305,32
2656,32
2879,32
3809,32
3579,32
330,32
3861,32
1000,32
3470,32
3524,32
2455,32
197,32
130,32
1397,32
486,32
508,32
914,32
2277,32
2503,32
3340,32
3050,32
3192,32
103,32
1756,32
3068,32
2099,32
2320,32
3093,32
3283,32
3452,32
3898,32
3780,32
2818,32
2454,32
19,32
598,32
818,32
965,32
1564,32
3409,32
3069,32
3802,32
3735,32
3546,32
2312,32
2444,32
737,32
1594,32
3410,32
2682,32
2697,32
3465,32
778,32
24,32
137,32
284,32
132,32
611,32
1830,32
2923,32
3144,32
3326,32
3950,32
3658,32
3920,32
804,32
127,32
187,32
281,32
345,32
470,32
1676,32
3314,32
3374,32
3967,32
3620,32
1007,32
1441,32
633,30
569,30
584,30
1177,30
1817,30
2513,30
2888,30
3815,30
3532,30
3484,30
2114,30
66,30
227,30
1544,30
2746,30
3459,30
3490,30
3912,30
3574,30
407,30
1889,30
3883,30
14,30
771,30
730,30
769,30
2820,30
2995,30
3739,30
3792,30
3889,30
2162,30
3058,30
833,30
2012,30
1234,30
822,30
970,30
1084,30
3708,30
1978,30
2119,30
3695,30
3976,30
3917,30
1385,30
2677,30
509,30
1869,30
1197,30
1434,30
2883,30
2584,30
2490,30
2707,30
3472,30
3549,30
3975,30
2270,30
806,30
931,30
1077,30
1992,30
3095,30
3929,30
3479,30
3649,30
3562,30
3610,30
3476,30
3726,30
3964,30
3357,30
410,30
521,30
3222,30
1922,30
2982,30
2700,30
3048,30
3208,30
3371,30
3696,30
3703,30
2402,30
3402,30
3855,30
57,30
3701,30
20,30
39,30
258,30
612,30
831,30
839,30
1042,30
1249,30
1710,30
3242,30
3613,30
3533,30
3685,30
144,30
3157,30
3205,30
3655,30
590,28
1150,28
1901,28
1518,28
3210,28
3823,28
3454,28
3799,28
2453,28
588,28
159,28
75,28
290,28
251,28
722,28
1089,28
3246,28
3061,28
3874,28
3523,28
3567,28
1641,28
2205,28
149,28
1808,28
2522,28
3244,28
3024,28
3937,28
3516,28
85,28
1138,28
2933,28
3982,28
105,28
111,28
576,28
3998,28
714,28
794,28
1739,28
1088,28
1143,28
2562,28
3066,28
2262,28
2193,28
768,28
1005,28
3872,28
2771,28
3249,28
2876,28
3624,28
3675,28
246,28
3315,28
3595,28
176,28
226,28
626,28
693,28
763,28
2822,28
1055,28
3361,28
3245,28
3343,28
3818,28
274,28
440,28
765,28
732,28
736,28
1422,28
2599,28
3151,28
2837,28
3229,28
3481,28
3773,28
3561,28
3715,28
844,28
2957,28
2997,28
3663,28
29,26
28,26
2747,26
2238,26
3405,26
2766,26
3512,26
3556,26
1178,26
3482,26
99,26
490,26
712,26
920,26
2699,26
3130,26
3778,26
789,26
17,26
84,26
196,26
528,26
682,26
1492,26
2710,26
2821,26
2727,26
3892,26
3819,26
3547,26
310,26
314,26
646,26
729,26
762,26
1748,26
2217,26
2515,26
3352,26
3067,26
3769,26
3847,26
3630,26
3944,26
961,26
5,26
178,26
837,26
900,26
1266,26
1930,26
3895,26
753,26
2744,26
3483,26
2070,26
108,26
622,26
782,26
1749,26
2990,26
3156,26
1090,26
505,26
2968,26
2954,26
3592,26
87,26
907,26
843,26
889,26
1874,26
2524,26
2357,26
3644,26
3503,26
3783,26
3679,26
3657,26
156,24
857,24
909,24
2373,24
2769,24
3840,24
3581,24
1950,24
2360,24
198,24
1802,24
1822,24
2450,24
3784,24
3763,24
3979,24
3616,24
65,24
628,24
799,24
4014,24
716,24
79,24
1244,24
1401,24
3254,24
3292,24
3155,24
3112,24
3028,24
943,24
45,24
143,24
442,24
381,24
1013,24
575,24
742,24
1043,24
1527,24
1602,24
2723,24
2847,24
3736,24
3817,24
3541,24
1853,24
382,24
751,24
1384,24
3190,24
1934,24
2685,24
2791,24
3281,24
3788,24
3622,24
3639,24
1696,24
3919,24
341,24
836,24
121,24
173,24
535,24
1892,24
2709,24
3349,24
3105,24
3949,24
58,24
1251,24
477,24
568,24
723,24
1499,24
1364,24
2935,24
3654,24
3594,24
1045,24
3832,24
405,22
631,22
3358,22
3940,22
3638,22
36,22
168,22
826,22
1905,22
1134,22
3141,22
2568,22
2105,22
2941,22
3367,22
3200,22
3863,22
2535,22
268,22
22,22
2265,22
50,22
222,22
3621,22
2760,22
3446,22
3857,22
3202,22
3668,22
3997,22
639,22
1050,22
4021,22
318,22
863,22
876,22
1030,22
2688,22
3515,22
4031,22
2852,22
3598,22
3994,22
165,22
1670,22
522,22
1887,22
2961,22
1933,22
3311,22
1915,22
3536,22
1268,22
177,22
629,22
974,22
3796,22
2130,22
2466,22
298,22
1094,22
150,22
380,22
502,22
574,22
2695,22
2900,22
2177,22
3153,22
140,22
986,22
3063,22
3092,22
491,22
2816,22
2424,22
2861,22
2878,22
1218,22
1599,22
3012,22
73,20
459,20
861,20
2882,20
3681,20
2301,20
3888,20
2,20
295,20
3487,20
69,20
429,20
541,20
437,20
587,20
707,20
1073,20
1061,20
1908,20
2252,20
3388,20
1840,20
2316,20
956,20
3015,20
225,20
1342,20
2826,20
2439,20
2255,20
3878,20
3767,20
3934,20
715,20
759,20
813,20
278,20
435,20
449,20
979,20
1463,20
3520,20
3614,20
3777,20
4009,20
850,20
2926,20
3425,20
4,20
433,20
532,20
878,20
2158,20
2801,20
3770,20
3631,20
2452,20
10,20
3128,20
3418,20
3099,20
3083,20
3053,20
955,20
3720,20
275,20
1814,20
3583,20
3664,20
756,20
950,20
1562,20
1708,20
2942,20
2886,20
3539,20
3543,20
3766,20
4004,20
309,20
2113,20
3088,20
3641,20
3880,20
3164,20
181,20
1368,20
1788,20
135,20
2802,20
2014,20
3133,20
3659,20
146,20
1411,20
1111,18
564,18
3354,18
3876,18
364,18
998,18
888,18
328,18
1016,18
690,18
808,18
1477,18
2080,18
2895,18
3368,18
3682,18
4000,18
2678,18
100,18
427,18
885,18
912,18
1239,18
1403,18
1140,18
1193,18
1631,18
3218,18
2013,18
3122,18
1093,18
1977,18
2281,18
3995,18
78,18
344,18
928,18
1387,18
1443,18
2166,18
3666,18
1896,18
3251,18
3986,18
1202,18
230,18
816,18
3269,18
2834,18
3958,18
3671,18
3439,18
4026,18
786,18
218,18
68,18
273,18
139,18
821,18
776,18
3427,18
3507,18
3522,18
2487,18
466,18
1490,18
3531,18
811,18
195,18
16,18
38,18
1220,18
3580,18
3566,18
3603,18
3775,18
4038,18
1445,18
3334,18
3894,18
4017,18
2514,18
3551,18
96,18
1154,18
337,18
529,18
663,18
746,18
1023,18
2804,18
2251,18
3308,18
2790,18
3492,18
2051,18
2545,18
2066,18
306,18
3338,18
93,16
221,16
91,16
1103,16
501,16
882,16
2893,16
3607,16
3572,16
2898,16
1697,16
259,16
761,16
923,16
1640,16
1775,16
2034,16
2799,16
3871,16
1053,16
1949,16
3647,16
3981,16
4019,16
3266,16
1248,16
1162,16
3530,16
4020,16
1203,16
243,16
594,16
689,16
733,16
1865,16
2903,16
3401,16
2805,16
2930,16
3131,16
3973,16
2456,16
162,16
812,16
867,16
3914,16
106,16
54,16
8,16
260,16
702,16
740,16
880,16
767,16
2421,16
478,16
725,16
3126,16
2732,16
3843,16
1506,16
2725,16
319,16
672,16
2182,16
2548,16
3504,16
3548,16
3585,16
3932,16
3901,16
3755,16
3814,16
3626,16
333,16
1731,16
3181,16
3235,16
3827,16
3905,16
3502,16
89,16
540,16
399,16
1414,16
3180,16
3428,16
3398,16
3723,16
886,16
1461,16
217,16
3754,16
60,16
1008,16
385,16
441,16
534,16
710,16
1956,16
3030,16
3197,16
3045,16
3772,16
2041,16
3461,16
3712,16
3789,16
3376,16
3322,16
2175,16
1240,14
208,14
480,14
890,14
870,14
1552,14
3094,14
3216,14
3904,14
3652,14
2256,14
3899,14
151,14
300,14
347,14
3813,14
317,14
237,14
2227,14
129,14
3424,14
3436,14
2094,14
2263,14
3323,14
4002,14
937,14
871,14
3669,14
338,14
657,14
700,14
796,14
3812,14
3333,14
2008,14
2632,14
51,14
393,14
621,14
869,14
2651,14
3600,14
131,14
3552,14
3864,14
872,14
3317,14
2528,14
3389,14
3159,14
3445,14
935,14
3988,14
985,14
296,14
2752,14
3911,14
549,14
874,14
1701,14
3372,14
1961,14
263,14
1372,14
791,14
1087,14
3165,14
2321,14
3834,14
1974,14
3923,14
4018,14
1058,14
3771,14
2245,14
189,14
64,14
679,14
2902,14
3941,14
3700,14
2811,14
83,14
586,14
798,14
2017,14
3336,14
3908,14
3716,14
4027,14
126,14
167,14
1654,14
881,14
3916,14
3961,14
311,14
269,12
655,12
895,12
2774,12
3091,12
2767,12
3270,12
1168,12
3441,12
1133,12
32,12
1792,12
691,12
3977,12
3745,12
102,12
498,12
825,12
846,12
879,12
2493,12
2721,12
3806,12
3724,12
95,12
1838,12
2824,12
219,12
63,12
2517,12
3859,12
1151,12
1855,12
1254,12
3660,12
2580,12
2884,12
147,12
86,12
1924,12
3044,12
3055,12
3175,12
2899,12
3477,12
2358,12
77,12
887,12
2776,12
3893,12
4013,12
390,12
3963,12
1890,12
2100,12
229,12
2375,12
3749,12
3513,12
117,12
3457,12
163,12
476,12
2388,12
3127,12
3970,12
3161,12
365,12
6,12
3217,12
3074,12
3665,12
3848,12
3989,12
3993,12
1301,12
1521,12
1664,12
3936,12
340,12
3432,12
3370,12
987,12
3727,12
44,12
533,12
2671,12
1759,12
1498,12
3447,12
3751,12
3985,12
1263,12
873,12
1297,12
2621,12
3632,12
3661,12
152,10
721,10
1777,10
349,10
562,10
671,10
1711,10
1476,10
1797,10
1776,10
2422,10
3444,10
866,10
1295,10
3637,10
283,10
464,10
1346,10
1157,10
3227,10
27,10
3676,10
3890,10
649,10
3147,10
235,10
1038,10
3887,10
264,10
735,10
1354,10
2505,10
2736,10
3849,10
371,10
3489,10
704,10
193,10
34,10
864,10
3290,10
2980,10
3805,10
3694,10
3742,10
3844,10
4003,10
593,10
802,10
1579,10
858,10
2431,10
110,10
1417,10
610,10
3544,10
3606,10
485,10
2230,10
1057,10
3429,10
46,10
1147,10
472,10
910,10
1442,10
3305,10
2692,10
2817,10
3678,10
3787,10
3271,10
1607,10
3059,10
453,10
3925,10
2437,10
192,10
1486,10
245,10
250,10
1455,10
1657,10
2167,10
2015,10
3310,10
2219,10
929,10
3839,10
2634,10
351,10
3795,10
1264,10
201,8
262,8
673,8
717,8
1937,8
3954,8
788,8
852,8
2971,8
384,8
1510,8
652,8
406,8
174,8
49,8
1713,8
1031,8
530,8
855,8
2885,8
3686,8
3882,8
288,8
757,8
851,8
270,8
3003,8
307,8
865,8
3588,8
2106,8
2527,8
3946,8
3990,8
4007,8
4011,8
884,8
4016,8
467,8
2565,8
220,8
572,8
893,8
868,8
996,8
1474,8
790,8
3619,8
1856,8
2855,8
1996,8
2838,8
206,8
1969,8
2963,8
3765,8
2441,8
3910,8
166,8
190,8
3537,8
3865,8
3565,8
3494,8
1105,8
1200,8
3673,8
3965,8
3978,8
4037,8
832,8
945,8
120,8
327,8
3781,8
125,8
1002,8
3952,8
1022,8
894,8
4025,8
3653,8
1194,8
1383,8
2204,8
3939,8
3953,8
3999,8
877,8
1651,8
1762,8
3121,8
3143,8
3996,8
289,8
552,8
124,8
3897,8
202,8
1252,6
3582,6
3689,6
4005,6
3733,6
1253,6
1027,6
1046,6
667,6
207,6
191,6
2952,6
2595,6
76,6
2998,6
3744,6
356,6
2860,6
293,6
1693,6
3928,6
3575,6
1546,6
247,6
1627,6
2922,6
253,6
2168,6
2722,6
2808,6
3699,6
71,6
1362,6
383,6
1034,6
1760,6
1353,6
3717,6
3811,6
81,6
660,6
571,6
3801,6
3560,6
301,6
411,6
1208,6
3597,6
3955,6
182,6
61,6
294,6
3037,6
2792,6
4033,6
2483,6
3816,6
904,6
899,6
3375,6
164,6
240,6
1071,6
2691,6
656,6
2178,6
2380,6
3992,6
3991,6
321,6
386,6
785,6
2975,6
157,6
3467,6
2481,6
112,6
336,6
228,6
454,6
499,6
854,6
2714,6
3413,6
3691,6
2442,6
97,6
743,6
179,6
155,6
1586,6
448,6
2798,6
267,4
401,4
42,4
3282,4
33,4
305,4
4028,4
841,4
3807,4
2704,4
241,4
3846,4
205,4
256,4
316,4
1224,4
1276,4
3983,4
90,4
699,4
4034,4
4036,4
775,4
154,4
138,4
744,4
749,4
35,4
4029,4
1395,4
3125,4
3268,4
3922,4
1233,4
3704,4
4032,4
160,4
2788,4
282,4
860,4
47,4
233,4
244,4
581,4
642,4
1394,4
1690,4
1755,4
145,4
3854,4
3942,4
4012,4
2541,4
2857,4
3746,4
183,4
3879,4
4001,4
468,4
3408,4
2382,4
216,4
286,4
443,4
3134,4
3688,4
2740,4
1967,4
648,4
1262,4
379,4
4006,4
234,4
1854,4
2814,4
3885,4
1176,4
3987,4
1065,4
1270,4
153,4
3006,4
3407,4
3959,4
3808,4
279,4
1430,4
1558,4
750,4
255,4
859,4
1326,4
3589,4
52,4
70,4
3732,4
377,4
3875,4
1581,2
585,2
2470,2
1466,2
602,2
12,2
624,2
1560,2
210,2
11,2
2457,2
43,2
3071,2
1386,2
2195,2
1206,2
4024,2
209,2
911,2
1145,2
613,2
2842,2
335,2
1834,2
3935,2
3709,2
447,2
3798,2
114,2
892,2
4022,2
638,2
3729,2
3183,2
3853,2
674,2
74,2
3451,2
668,2
918,2
801,2
3570,2
15,2
1119,2
292,2
3748,2
3453,2
287,2
891,2
2596,2
4008,2
3230,2
37,2
2079,2
2569,2
875,2
3650,2
3031,2
4010,2
358,2
4015,2
1096,2
3820,2
215,2
18,2
692,2
4035,2
3984,2
550,2
3856,2
3974,2
883,2
2269,2
607,2
608,2
